F1 (macro),Precision (macro),Recall (macro),MCC,AUC (macro/OVR)
0.9893139040680025,0.9935483870967742,0.9857142857142858,0.9837681852353809,0.9999731471535982
