F1 (weighted),Precision (weighted),Recall (weighted),MCC,AUC (weighted/OVR)
0.9874494186682355,0.9879783610498898,0.9875776397515528,0.9837681852353809,0.9999766496987811
